date,PID,num.flowers,pollen.pid,condition,bee pollinated?,spodoptera damage?
7/11,184,1,22,D,,
7/11,8,1,180,,,
7/11,178,1,40,,,
7/11,180,1,8,,,
7/11,22,1,184,D,,
7/11,30,1,72,,,
7/11,34,4,68,,,
7/11,36,2,42,D,,
7/11,40,1,178,D,,
7/11,42,1,36,,,
7/11,50,1,60,,,
7/11,58,1,86,,,
7/11,60,1,50,D,,
7/11,66,1,74,D,,
7/11,68,2,34,,,
7/11,72,1,30,D,,
7/11,74,2,66,,,
7/11,82,1,90,,,
7/11,190,1,98,D,,
7/11,86,1,58,,,
7/11,88,2,116,D,,
7/11,90,1,82,,,
7/11,98,1,190,,,
7/11,100,1,108,,,
7/11,108,2,100,,,
7/11,116,1,88,D,,
7/11,122,2,122,D,,
7/11,136,1,144,D,,
7/11,142,2,164,,,
7/11,144,1,136,D,,
7/11,150,2,162,D,,
7/11,162,1,150,,,
7/11,164,3,142,,,
7/12,178,1,26,,,
7/12,26,1,178,D,,
7/12,30,1,52,,,
7/12,32,1,60,D,,
7/12,42,1,48,D,,
7/12,48,2,42,D,,
7/12,52,1,30,D,,
7/12,56,1,64,D,,
7/12,58,4,86,,,
7/12,60,1,32,D,,
7/12,62,1,68,D,,
7/12,64,3,56,,,
7/12,68,2,62,,,
7/12,74,1,82,,,
7/12,82,1,74,D,,
7/12,86,2,58,D,,
7/12,88,1,124,D,,
7/12,102,1,144,D,,
7/12,124,1,85,D,,
7/12,132,1,156,,,
7/12,144,2,102,D,,
7/12,156,1,132,D,,
7/13,10,1,18,D,,
7/13,178,2,34,,,
7/13,18,1,10,D,,
7/13,30,1,72,,,
7/13,34,3,178,,,
7/13,182,1,68,D,,
7/13,60,1,74,D,,
7/13,68,2,182,,,
7/13,72,1,30,D,,
7/13,74,2,60,,,
7/13,96,2,146,,,
7/13,100,1,130,D,,
7/13,106,2,112,D,,
7/13,112,1,106,D,,
7/13,124,3,144,D,,
7/13,126,1,134,D,,
7/13,130,1,100,D,,
7/13,134,1,126,D,,
7/13,136,1,144,D,,
7/13,144,2,124,D,,
7/13,146,1,156,D,,
7/13,150,1,158,D,,
7/13,156,1,146,D,,
7/13,158,1,150,D,,
7/13,160,1,164,D,,
7/13,164,3,160,,,
7/14,6,1,196,D,,
7/14,178,2,68,,,
7/14,18,1,108,D,,
7/14,196,1,6,D,,
7/14,22,1,48,D,,
7/14,24,1,146,D,,
7/14,30,4,64,,,
7/14,44,1,88,D,,
7/14,46,2,78,D,,
7/14,48,2,22,D,,
7/14,52,1,56,D,,
7/14,56,1,52,D,,
7/14,58,1,164,,,
7/14,64,2,30,,,
7/14,68,1,178,,,
7/14,78,2,126,,,
7/14,80,2,44,D,,
7/14,88,2,80,D,,
7/14,108,2,18,D,,
7/14,124,1,128,D,,
7/14,126,2,46,D,,
7/14,128,2,124,D,,
7/14,130,1,164,D,,
7/14,146,2,24,D,,
7/14,148,1,164,D,,
7/14,164,2,58,,,
7/15,2,1,38,D,,
7/15,8,1,30,D,,
7/15,178,2,34,,,
7/15,30,1,44,,,
7/15,34,4,68,,,
7/15,38,3,2,D,,
7/15,44,1,30,D,,
7/15,58,3,164,,,
7/15,62,2,68,D,,
7/15,64,3,124,,,
7/15,68,4,178,,,
7/15,74,3,22,,,
7/15,78,2,162,,,
7/15,80,2,102,D,,
7/15,82,1,166,D,,
7/15,86,1,142,D,,
7/15,98,1,112,D,,
7/15,102,1,80,D,,
7/15,108,2,142,D,,
7/15,118,1,126,D,,
7/15,122,2,74,,,
7/15,124,2,64,,,
7/15,126,1,118,D,,
7/15,142,2,86,D,,
7/15,150,2,158,D,,
7/15,158,2,150,D,,
7/15,162,3,78,,,
7/15,164,3,58,,,
7/15,166,4,82,D,,
7/15,168,2,126,D,,
7/17,178,5,34,,,
7/17,30,6,74,,,
7/17,34,4,178,,,
7/17,58,6,164,,,
7/17,64,5,96,,,
7/17,68,4,162,,,
7/17,74,5,30,,,
7/17,96,4,64,,,
7/17,162,5,68,,,
7/17,164,5,58,,,
7/18,184,1,48,D,,
7/18,8,1,44,D,,
7/18,10,3,18,D,,
7/18,178,4,34,,,
7/18,18,1,10,D,,
7/18,30,5,52,,,
7/18,34,3,178,,,
7/18,44,1,8,D,,
7/18,48,2,184,D,,
7/18,52,1,30,,,
7/18,182,1,62,D,,
7/18,56,2,80,D,,
7/18,58,5,164,,,
7/18,60,2,66,D,,
7/18,62,3,182,D,,
7/18,64,5,144,,,
7/18,68,8,162,,,
7/18,66,2,60,D,,
7/18,74,9,82,,,
7/18,78,4,68,,,
7/18,80,2,56,D,,
7/18,82,2,96,,,
7/18,190,2,78,D,,
7/18,94,1,120,D,,
7/18,96,3,74,,,
7/18,98,2,118,D,,
7/18,100,1,58,,,
7/18,300,1,122,D,,
7/18,118,1,98,D,,
7/18,120,2,94,D,,
7/18,122,4,300,D,,
7/18,124,1,136,D,,
7/18,126,4,134,D,,
7/18,130,1,142,D,,
7/18,134,1,126,D,,
7/18,136,1,124,D,,
7/18,142,2,130,D,,
7/18,144,1,64,,,
7/18,150,2,158,,,
7/18,158,1,150,,,
7/18,162,5,68,,,
7/18,164,5,58,,,
7/20,8,2,44,D,,
7/20,178,4,34,,,
7/20,30,5,64,,,
7/20,34,4,178,,,
7/20,40,1,78,D,,
7/20,50,2,66,D,,
7/20,52,1,88,D,,
7/20,182,1,40,D,,
7/20,58,5,164,,,
7/20,60,2,82,D,,
7/20,64,4,152,,,
7/20,68,8,162,,,
7/20,66,2,50,D,,
7/20,74,7,96,,,
7/20,78,2,182,,,
7/20,82,1,60,D,,
7/20,88,1,52,D,,
7/20,96,5,74,,,
7/20,102,1,124,D,,
7/20,120,1,130,D,,
7/20,122,1,166,D,,
7/20,124,1,102,D,,
7/20,126,2,150,D,,
7/20,130,1,120,D,,
7/20,150,2,126,D,,
7/20,152,3,30,,,
7/20,162,10,68,,,
7/20,164,4,58,,,
7/20,166,1,122,D,,
7/22,178,3,68,,,
7/22,22,1,100,D,,
7/22,30,3,64,,,
7/22,34,2,178,,,
7/22,40,1,106,D,,
7/22,50,1,60,D,,
7/22,58,3,164,,,
7/22,60,2,50,D,,
7/22,64,5,30,,,
7/22,68,6,178,,,
7/22,72,2,88,D,,
7/22,74,7,122,,,
7/22,78,3,162,,,
7/22,88,1,144,D,,
7/22,100,1,120,D,,
7/22,106,1,40,D,,
7/22,120,1,22,D,,
7/22,122,1,74,D,,
7/22,132,2,146,D,,
7/22,144,3,72,D,,
7/22,146,1,132,D,,
7/22,150,2,158,D,,
7/22,158,1,150,D,,
7/22,162,2,78,,,
7/22,164,7,58,,,
7/23,178,3,68,,,
7/23,30,1,64,,,
7/23,58,2,164,,,
7/23,64,4,152,,,
7/23,68,1,178,,,
7/23,74,1,96,,,
7/23,78,3,162,,,
7/23,96,4,74,,,
7/23,152,3,30,,,
7/23,162,2,78,,,
7/23,164,3,58,,,
7/24,184,1,14,D,,
7/24,6,1,182,D,,
7/24,10,1,24,D,,
7/24,178,1,34,,,
7/24,14,1,184,D,,
7/24,24,1,10,D,,
7/24,30,2,64,,,
7/24,34,4,178,,,
7/24,44,1,56,D,,
7/24,182,1,6,D,,
7/24,56,1,44,D,,
7/24,58,2,164,,,
7/24,60,1,142,D,,
7/24,64,3,30,,,
7/24,68,7,162,,,
7/24,74,2,96,,,
7/24,88,1,136,D,,
7/24,96,1,74,,,
7/24,100,1,160,D,,
7/24,192,1,122,D,,
7/24,122,1,60,D,,
7/24,136,1,88,D,,
7/24,150,1,162,D,,
7/24,162,2,68,,,
7/24,164,4,58,,,
7/25,14,1,302,D,,
7/25,30,1,152,,,
7/25,34,7,40,,,
7/25,38,1,50,D,,
7/25,40,3,34,,,
7/25,50,1,38,D,,
7/25,182,1,78,,,
7/25,64,4,152,,,
7/25,68,5,162,,,
7/25,66,1,300,D,,
7/25,302,1,14,D,,
7/25,74,2,132,,,
7/25,78,3,182,,,
7/25,88,1,136,D,,
7/25,300,1,66,D,,
7/25,132,1,74,D,,
7/25,136,1,88,D,,
7/25,152,4,64,,,
7/25,162,2,68,,,
7/25,164,8,302,,,
7/26,8,1,102,D,,
7/26,10,1,96,D,,
7/26,30,3,64,,,
7/26,40,3,68,,,
7/26,58,7,164,,,
7/26,64,3,152,,,
7/26,68,5,40,,,
7/26,78,2,162,,,
7/26,86,1,108,D,,
7/26,90,2,10,D,,
7/26,96,6,90,,,
7/26,100,2,142,D,,
7/26,102,1,8,D,,
7/26,108,1,86,D,,
7/26,118,1,126,D,,
7/26,126,1,118,D,,
7/26,132,1,138,D,,
7/26,138,1,132,D,,
7/26,142,1,100,D,,
7/26,152,1,30,,,
7/26,162,2,78,,,
7/26,164,4,58,,,
7/28,304,2,300,D,,
7/28,178,5,68,,,
7/28,14,2,302,D,,
7/28,30,5,64,,,
7/28,34,5,78,,,
7/28,58,4,164,,,
7/28,64,5,152,,,
7/28,68,7,178,,,
7/28,302,1,100,D,,
7/28,74,3,96,,,
7/28,78,7,34,,,
7/28,82,1,104,D,,
7/28,88,1,124,D,,
7/28,96,7,74,,,
7/28,100,1,14,D,,
7/28,104,1,82,D,,
7/28,108,1,120,D,,
7/28,300,2,304,D,,
7/28,112,1,126,D,,
7/28,120,2,108,D,,
7/28,122,1,138,D,,
7/28,124,1,88,D,,
7/28,126,1,112,D,,
7/28,128,1,154,D,,
7/28,138,3,122,D,,
7/28,148,2,160,D,,
7/28,150,3,168,D,,
7/28,152,3,30,,,
7/28,154,1,128,D,,
7/28,160,1,148,D,,
7/28,162,1,78,,,
7/28,164,6,58,,,
7/28,168,1,150,D,,
7/29,24,2,82,D,,
7/29,30,1,64,,,
7/29,34,3,68,,,
7/29,58,4,76,,,
7/29,64,4,152,,,
7/29,68,5,34,,,
7/29,302,1,100,D,,
7/29,74,1,96,,,
7/29,76,1,164,,,
7/29,78,1,162,,,
7/29,80,1,154,D,,
7/29,82,1,24,D,,
7/29,190,1,98,D,,
7/29,90,1,300,D,,
7/29,94,1,108,D,,
7/29,96,5,74,,,
7/29,98,1,190,D,,
7/29,100,2,302,D,,
7/29,106,2,150,D,,
7/29,108,1,94,D,,
7/29,300,1,90,D,,
7/29,120,1,130,D,,
7/29,122,1,156,D,,
7/29,128,1,80,D,,
7/29,130,1,160,D,,
7/29,150,1,106,D,,
7/29,152,3,30,,,
7/29,154,1,128,D,,
7/29,156,2,122,D,,
7/29,160,1,120,D,,
7/29,162,10,78,,,
7/29,164,4,58,,,
7/31,304,2,18,D,,
7/31,178,5,34,,,
7/31,14,2,194,D,,
7/31,18,2,304,D,,
7/31,194,2,14,D,,
7/31,30,6,64,,,
7/31,34,2,178,,,
7/31,58,5,164,,,
7/31,64,7,30,,,
7/31,68,7,162,,,
7/31,74,4,96,,,
7/31,78,3,68,,,
7/31,96,8,74,,,
7/31,102,1,136,D,,
7/31,108,1,120,D,,
7/31,118,1,126,D,,
7/31,120,4,108,D,,
7/31,124,1,102,D,,
7/31,126,1,118,D,,
7/31,136,2,124,D,,
7/31,138,1,166,D,,
7/31,142,1,148,D,,
7/31,148,1,142,D,,
7/31,162,4,68,,,
7/31,164,5,58,,,
7/31,166,2,138,D,,
8/4,178,3,68,,,
8/4,30,4,152,,,
8/4,58,2,162,,,
8/4,64,3,,,yes,
8/4,68,12,68,,yes,
8/4,96,9,164,,yes,
8/4,152,2,,,yes,
8/4,162,2,58,,,
8/4,164,4,,,yes,
8/5,304,3,18,D,,
8/5,8,1,56,D,,
8/5,14,1,36,D,,
8/5,18,1,304,D,,
8/5,30,1,64,,,
8/5,36,1,14,D,,
8/5,37,2,131,,,
8/5,45,4,57,,,
8/5,48,1,302,,yes,
8/5,56,1,8,,yes,
8/5,57,4,45,,,
8/5,64,10,30,,yes,
8/5,68,8,78,,yes,
8/5,302,1,48,,,
8/5,74,6,96,,yes,
8/5,78,6,68,,,
8/5,82,1,,,yes,
8/5,86,1,100,D,,
8/5,92,1,140,D,,
8/5,96,2,74,,yes,
8/5,99,1,131,,,
8/5,100,2,,,yes,
8/5,102,1,,,yes,
8/5,108,1,100,D,,
8/5,120,1,142,D,,
8/5,128,1,,,yes,
8/5,131,1,99,,,
8/5,136,2,128,D,,
8/5,138,1,,,yes,
8/5,140,1,92,D,,
8/5,142,1,,,yes,
8/5,152,4,162,,yes,
8/5,156,1,166,D,,
8/5,162,6,74,,,
8/5,164,3,,,yes,
8/5,166,2,156,D,,
8/9,304,1,96,D,,
8/9,178,2,68,,,
8/9,14,3,48,D,,
8/9,24,1,14,D,,
8/9,29,1,39,,,
8/9,30,2,64,,,
8/9,37,5,131,,,
8/9,39,1,29,,,
8/9,48,1,14,D,,
8/9,57,2,87,,,
8/9,64,10,30,,yes,
8/9,68,12,178,,yes,
8/9,74,7,,,yes,
8/9,78,5,68,,yes,
8/9,82,1,96,D,,
8/9,87,3,87,,,
8/9,96,11,162,,yes,
8/9,99,1,45,,,
8/9,118,1,150,D,,
8/9,120,1,128,D,,
8/9,124,3,124,D,,
8/9,128,1,120,D,,
8/9,131,4,37,,,
8/9,150,2,118,D,,
8/9,152,5,30,,yes,
8/9,160,1,128,D,,
8/9,162,3,68,,yes,
8/9,164,7,,,yes,
8/9,166,2,96,D,,
8/11,29,2,37,,,
8/11,37,7,29,,,
8/11,39,4,39,,,
8/11,45,8,135,,,
8/11,57,6,75,,,
8/11,75,7,57,,,
8/11,83,2,39,,,
8/11,87,4,99,,,
8/11,99,11,87,,,
8/11,123,1,131,,,
8/11,131,5,133,,,
8/11,133,1,131,,,
8/11,135,3,45,,,
8/12,56,5,64,D,,
8/12,64,14,152,,yes,
8/12,68,12,78,,yes,
8/12,74,10,64,,yes,
8/12,78,7,162,,yes,
8/12,96,11,,,yes,
8/12,102,4,64,D,,
8/12,144,2,64,D,,
8/12,152,2,,,yes,
8/12,162,6,,,yes,
8/14,5,4,37,,,yes
8/14,29,2,37,,,
8/14,33,11,45,,,yes
8/14,37,14,5,,,
8/14,39,9,83,,,
8/14,45,14,33,,,yes
8/14,57,8,75,,,
8/14,65,5,5,,,yes
8/14,75,5,57,,,
8/14,83,10,39,,,
8/14,87,6,99,,,
8/14,93,1,135,,,
8/14,95,6,133,,,
8/14,99,14,87,,,yes
8/14,123,2,131,,,
8/14,131,11,123,,,yes
8/14,133,18,95,,,
8/14,135,13,143,,,
8/14,139,3,155,,,yes
8/14,143,7,135,,,yes
8/14,155,8,139,,,
8/14,167,14,131,,,yes
8/14,304,1,122,D,,
8/14,14,1,48,D,,
8/14,46,3,68,D,,
8/14,48,7,14,D,,
8/14,56,3,72,D,,
8/14,64,7,56,,yes,
8/14,68,5,46,,yes,
8/14,72,1,56,D,,
8/14,74,4,,,yes,
8/14,96,8,,,yes,
8/14,100,1,48,D,,
8/14,102,2,128,D,,
8/14,104,5,122,D,,
8/14,112,3,118,D,,
8/14,118,3,112,D,,
8/14,122,1,104,D,,
8/14,128,1,102,D,,
8/14,152,1,,,yes,
8/14,162,6,68,,yes,
8/14,164,,,,yes,
8/15,304,1,38,D,,
8/15,196,1,46,D,,
8/15,29,2,37,,,
8/15,37,4,29,,,
8/15,38,3,304,,,
8/15,45,3,33,,,yes
8/15,56,3,72,D,,
8/15,64,8,74,,yes,
8/15,68,3,162,,,yes
8/15,72,1,56,D,,
8/15,90,1,138,D,,
8/15,94,2,108,D,,
8/15,102,2,124,D,,
8/15,106,2,126,D,,
8/15,108,3,94,D,,
8/15,112,2,118,D,,
8/15,118,1,112,D,,
8/15,120,1,118,D,,
8/15,122,3,138,D,,
8/15,124,2,102,D,,
8/15,126,3,106,D,,
8/15,138,2,122,D,,
8/15,148,1,160,D,,
8/15,150,1,168,D,,
8/15,154,3,166,D,,
8/15,160,1,148,D,,
8/15,166,1,154,D,,
8/15,168,1,150,D,,
8/15,74,6,96,,yes,
8/15,78,3,68,,yes,
8/15,96,3,74,,yes,
8/15,152,1,68,,,
8/15,162,3,68,,yes,
8/15,164,2,,,yes,
8/16,46,1,26,D,,
8/16,56,3,154,D,,
8/16,64,3,,,yes,
8/16,68,2,78,,,
8/16,74,3,96,,,
8/16,76,1,108,D,,
8/16,78,2,68,,,
8/16,96,3,74,,yes,
8/16,100,2,76,D,,
8/16,192,2,74,D,,
8/16,108,4,100,D,,
8/16,126,1,46,D,,
8/16,128,1,154,D,,
8/16,146,1,96,D,,
8/16,150,1,126,D,,
8/16,152,2,64,,yes,
8/16,154,1,56,D,,
8/16,162,6,126,,yes,
8/16,164,2,108,,yes,
8/16,5,2,27,,,
8/16,29,2,5,,,
8/16,33,3,45,,,
8/16,37,4,167,,,
8/16,39,2,133,,,
8/16,45,2,33,,,yes
8/16,57,5,75,,,
8/16,65,4,,,,yes
8/16,75,2,57,,,yes
8/16,83,4,95,,,
8/16,87,1,155,,,
8/16,95,6,39,,,
8/16,99,6,87,,,yes
8/16,117,1,123,,,
8/16,123,1,117,,,
8/16,131,2,117,,,
8/16,133,6,39,,,yes
8/16,135,3,45,,,
8/16,155,5,87,,,
8/16,161,1,155,,,
8/16,167,6,37,,,
8/17,10,2,130,D,,
8/17,196,1,162,D,,
8/17,46,1,162,D,,
8/17,56,2,64,D,,
8/17,64,3,152,,,
8/17,68,2,78,,yes,
8/17,74,4,96,,yes,
8/17,78,2,68,,,
8/17,96,7,74,,yes,
8/17,98,1,162,D,,
8/17,106,1,162,D,,
8/17,108,2,10,D,,
8/17,130,1,10,D,,
8/17,144,2,64,D,,
8/17,150,1,162,D,,
8/17,152,3,64,,,
8/17,162,8,78,,yes,
8/17,164,2,,,yes,
8/18,5,6,29,,,yes
8/18,29,4,5,,,yes
8/18,33,2,45,,,
8/18,37,5,131,,,
8/18,39,8,83,,,yes
8/18,45,7,33,,,yes
8/18,57,13,99,,,yes
8/18,75,5,139,,,
8/18,83,2,107,,,
8/18,95,3,107,,,
8/18,99,8,57,,,
8/18,105,2,93,,,
8/18,107,1,95,,,
8/18,123,1,167,,,
8/18,131,7,37,,,yes
8/18,133,10,159,,,yes
8/18,135,5,143,,,
8/18,139,1,75,,,
8/18,143,1,135,,,
8/18,155,5,161,,,
8/18,159,1,133,,,
8/18,161,1,155,,,
8/18,167,1,123,,,
8/18,68,2,78,,yes,
8/18,74,4,86,,yes,
8/18,78,4,68,,,
8/18,96,2,74,,yes,
8/18,152,3,,,yes,
8/18,162,2,68,,yes,
8/18,164,1,,,yes,
8/20,64,1,162,,,
8/20,74,6,96,,,
8/20,78,1,162,,,
8/20,96,8,74,,yes,
8/20,162,6,78,,yes,
8/20,5,7,29,,,
8/20,29,3,5,,,yes
8/20,33,3,45,,,yes
8/20,37,5,65,,,yes
8/20,39,5,69,,,yes
8/20,45,7,33,,,yes
8/20,57,7,65,,,yes
8/20,65,2,37,,,
8/20,69,3,39,,,
8/20,75,14,57,,,yes
8/20,83,3,,,,yes
8/20,87,9,99,,,
8/20,91,2,159,,,
8/20,93,2,105,,,
8/20,95,3,107,,,
8/20,99,11,87,,,
8/20,105,5,93,,,
8/20,107,5,95,,,
8/20,113,5,125,,,
8/20,125,17,113,,,yes
8/20,131,8,167,,,yes
8/20,135,10,143,,,
8/20,139,1,,,,yes
8/20,143,8,135,,,yes
8/20,155,5,161,,,
8/20,159,2,91,,,
8/20,161,3,155,,,
8/20,167,6,131,,,
8/21,10,5,146,D,,
8/21,178,3,68,,,
8/21,194,3,142,D,,
8/21,46,1,112,D,,
8/21,68,3,,,yes,
8/21,74,1,,,yes,
8/21,78,5,162,,,
8/21,96,4,74,,yes,
8/21,112,2,150,D,,
8/21,142,5,144,D,,
8/21,146,4,10,D,,
8/21,148,1,164,D,,
8/21,150,1,46,D,,
8/21,152,2,,,yes,
8/21,162,2,78,,yes,
8/21,164,1,148,,,
8/22,178,2,68,,,
8/22,68,1,178,,,
8/22,74,2,96,,,
8/22,78,2,,,yes,
8/22,96,7,74,,yes,
8/22,162,3,,,yes,
8/22,5,10,29,,,yes
8/22,29,2,5,,,
8/22,33,1,,,,yes
8/22,37,6,65,,,
8/22,39,7,69,,,yes
8/22,45,1,,,,yes
8/22,57,6,75,,,yes
8/22,65,5,37,,,
8/22,69,11,39,,,
8/22,75,12,57,,,yes
8/22,83,2,95,,,yes
8/22,87,6,91,,,
8/22,91,7,87,,,
8/22,95,6,83,,,yes
8/22,99,14,103,,,
8/22,103,6,99,,,
8/22,105,8,93,,,
8/22,107,6,133,,,
8/22,113,7,125,,,
8/22,117,3,131,,,
8/22,125,7,113,,,
8/22,131,15,117,,,
8/22,133,12,107,,,yes
8/22,135,12,143,,,yes
8/22,139,2,161,,,
8/22,143,11,135,,,yes
8/22,159,5,165,,,
8/22,161,3,139,,,
8/22,167,8,131,,,yes
8/25,5,7,29,,,yes
8/25,29,1,,,,yes
8/25,33,2,45,,,
8/25,37,4,77,,,yes
8/25,39,7,,,,yes
8/25,45,1,33,,,
8/25,57,1,75,,,
8/25,64,5,69,,,
8/25,69,4,64,,,yes
8/25,75,4,57,,,yes
8/25,77,3,37,,,yes
8/25,83,6,95,,,yes
8/25,85,2,93,,,
8/25,87,7,91,,,
8/25,91,12,87,,,yes
8/25,93,4,85,,,
8/25,95,1,83,,,
8/25,99,11,103,,,
8/25,101,2,123,,,yes
8/25,103,9,99,,,yes
8/25,105,9,143,,,
8/25,113,10,125,,,yes
8/25,117,4,123,,,
8/25,123,3,123,,,
8/25,125,11,113,,,
8/25,131,12,167,,,
8/25,133,6,135,,,yes
8/25,135,10,105,,,
8/25,139,6,161,,,
8/25,143,10,159,,,yes
8/25,159,8,135,,,yes
8/25,161,3,139,,,yes
8/25,167,5,131,,,
8/26,196,1,,,yes,
8/26,194,1,46,D,,
8/26,46,1,194,D,,
8/26,64,4,96,,yes,
8/26,68,1,,,yes,
8/26,78,7,64,,yes,
8/26,96,2,64,,yes,
8/26,126,1,64,,,
8/26,146,1,64,D,,
8/27,5,4,65,,,yes
8/27,21,3,45,,,
8/27,27,5,99,,,
8/27,33,5,45,,,
8/27,37,1,,,,yes
8/27,45,4,21,,,
8/27,47,2,21,,,
8/27,63,2,21,,,
8/27,65,4,5,,,
8/27,69,8,159,,,
8/27,75,4,27,,,yes
8/27,77,5,131,,,yes
8/27,79,7,85,,,
8/27,83,1,,,,yes
8/27,85,6,79,,,yes
8/27,89,12,77,,,
8/27,91,2,,,,yes
8/27,93,2,79,,,
8/27,95,6,159,,,
8/27,99,3,27,,,
8/27,107,3,159,,,
8/27,113,13,99,,,yes
8/27,115,4,105,,,
8/27,117,9,79,,,
8/27,125,7,113,,,
8/27,131,7,123,,,
8/27,139,2,125,,,yes
8/27,155,2,125,,,
8/27,159,8,95,,,
8/27,161,4,125,,,
8/27,167,4,117,,,
8/29,96,2,162,,yes,
8/29,162,1,,,yes,
8/29,164,4,96,,yes,
8/29,5,7,37,,,yes
8/29,27,5,57,,,
8/29,33,5,63,,,yes
8/29,37,3,5,,,yes
8/29,45,7,33,,,yes
8/29,47,4,79,,,
8/29,65,7,77,,,
8/29,69,7,83,,,yes
8/29,71,1,47,,,
8/30,75,2,87,,,yes
8/30,77,6,89,,,yes
8/30,79,7,71,,,
8/30,83,2,69,,,yes
8/30,85,4,93,,,
8/30,87,2,75,,,
8/30,89,1,77,,,
8/30,91,8,99,,,yes
8/30,93,1,85,,,
8/30,95,10,107,,,
8/30,99,8,91,,,
8/20,103,10,113,,,yes
8/30,105,14,115,,,
8/30,107,2,95,,,
8/30,113,7,103,,,yes
8/30,115,8,105,,,
8/30,117,2,101,,,
8/30,123,2,131,,,
8/30,125,10,139,,,
8/30,131,5,167,,,
8/30,133,11,159,,,yes
8/30,135,11,143,,,
8/30,139,2,125,,,yes
8/30,143,10,135,,,
8/30,155,3,161,,,
8/30,159,7,133,,,
8/30,161,4,155,,,yes
8/30,167,3,123,,,
9/3,5,1,89,,,
9/3,19,5,75,,,
9/3,21,3,71,,,
9/3,27,4,19,,,
9/3,31,1,19,,,yes
9/3,35,1,89,,,
9/3,37,1,89,,,yes
9/3,45,3,63,,,yes
9/3,47,1,71,,,yes
9/3,63,2,45,,,
9/3,65,5,89,,,
9/3,67,2,75,,,
9/3,69,5,83,,,
9/3,71,6,63,,,
9/3,75,12,113,,,
9/3,77,10,89,,,
9/3,79,2,71,,,
9/3,83,2,69,,,yes
9/3,85,9,105,,,
9/3,87,5,103,,,yes
9/3,89,17,77,,,
9/3,91,2,75,,,yes
9/3,95,13,69,,,
9/3,99,7,103,,,yes
9/3,101,9,117,,,
9/3,103,8,113,,,
9/3,105,15,115,,,yes
9/3,107,3,95,,,
9/3,113,2,103,,,
9/3,115,11,79,,,
9/3,117,12,123,,,yes
9/3,121,17,107,,,yes
9/3,123,3,167,,,
9/3,125,13,129,,,
9/3,129,6,125,,,
9/3,135,21,85,,,
9/3,139,2,125,,,yes
9/3,143,29,135,,,
9/3,151,3,149,,,
9/3,155,3,161,,,
9/3,159,17,121,,,
9/3,161,5,19,,,
9/3,163,6,151,,,
9/3,167,5,123,,,
9/5,196,1,162,D,,
9/5,64,3,152,,yes,
9/5,68,2,,,yes,
9/5,90,2,132,D,,
9/5,118,3,162,D,yes,
9/5,122,1,132,D,,
9/5,126,3,162,D,,
9/5,144,2,162,D,,
9/5,148,2,164,D,,
9/5,152,6,64,,yes,
9/5,156,2,,,yes,
9/5,158,1,162,D,,
9/5,162,4,,,yes,
9/5,164,8,152,,yes,
9/11,9,2,23,,,
9/11,23,3,9,,,
9/11,25,8,51,,,yes
9/11,33,3,45,,,
9/11,45,1,33,,,
9/11,47,1,63,,,
9/11,51,4,5,,,yes
9/11,63,7,71,,,
9/11,69,9,83,,,yes
9/11,71,9,63,,,yes
9/11,75,11,91,,,yes
9/11,77,3,79,,,
9/11,79,4,77,,,
9/11,83,6,23,,,yes
9/11,85,6,93,,,
9/11,89,13,101,,,
9/11,91,1,75,,,
9/11,95,6,133,,,
9/11,99,10,103,,,
9/11,101,6,89,,,yes
9/11,103,22,99,,,
9/11,105,2,115,,,yes
9/11,113,6,125,,,yes
9/11,115,9,105,,,
9/11,117,9,131,,,yes
9/11,125,8,113,,,
9/11,129,10,139,,,
9/11,131,15,117,,,yes
9/11,133,19,95,,,
9/11,135,16,143,,,
9/11,139,5,129,,,
9/11,143,8,135,,,
9/11,149,3,167,,,
9/11,151,5,163,,,yes
9/11,155,7,161,,,
9/11,159,8,141,,,
9/11,161,7,155,,,
9/11,163,12,151,,,yes
9/11,167,3,149,,,
9/11,68,2,,,yes,
9/11,74,3,,,yes,
9/11,96,2,,,yes,
9/11,152,6,,,yes,
9/11,162,7,,,yes,
9/11,164,5,,,yes,
9/13,23,6,69,,,yes
9/13,25,11,51,,,
9/13,47,1,63,,,
9/13,51,5,25,,,yes
9/13,53,5,75,,,
9/13,59,2,117,,,
9/13,63,6,47,,,
9/13,69,8,23,,,yes
9/13,71,8,79,,,yes
9/13,75,12,91,,,yes
9/13,77,12,89,,,
9/13,79,1,85,,,
9/13,83,14,95,,,yes
9/13,85,13,79,,,
9/13,89,12,77,,,yes
9/13,91,6,75,,,
9/13,95,5,83,,,
9/13,99,9,113,,,
9/13,101,7,117,,,
9/13,103,13,125,,,
9/13,113,3,99,,,
9/13,115,13,135,,,
9/13,117,10,101,,,
9/13,125,7,103,,,
9/13,129,9,159,,,
9/13,131,9,117,,,
9/13,133,16,141,,,
9/13,135,19,115,,,yes
9/13,139,9,151,,,yes
9/13,141,2,137,,,
9/13,143,8,135,,,
9/13,149,5,167,,,
9/13,151,5,159,,,
9/13,155,11,161,,,
9/13,159,2,151,,,
9/13,161,3,155,,,
9/13,163,4,151,,,
9/13,165,1,159,,,
9/13,167,3,149,,,
9/16,37,2,59,,,
9/16,57,3,75,,,
9/16,59,2,37,,,
9/16,63,1,71,,,
9/16,69,8,83,,,yes
9/16,71,5,63,,,
9/16,75,3,57,,,yes
9/16,77,2,37,,,
9/16,83,6,69,,,yes
9/16,85,5,71,,,
9/16,89,11,101,,,
9/16,91,1,99,,,
9/16,99,3,91,,,yes
9/16,101,5,89,,,
9/16,103,11,103,,,
9/16,113,4,113,,,yes
9/16,115,13,115,,,
9/16,117,14,117,,,yes
9/16,125,8,125,,,yes
9/16,129,7,129,,,
9/16,131,7,131,,,yes
9/16,133,8,133,,,
9/16,135,17,135,,,
9/16,139,12,139,,,yes
9/16,143,2,143,,,
9/16,149,5,149,,,
9/16,151,3,151,,,
9/16,155,7,155,,,yes
9/16,159,3,159,,,
9/16,161,4,161,,,
9/16,163,3,163,,,
9/16,165,1,165,,,yes
9/16,167,5,167,,,
9/18,23,1,23,,,yes
9/18,53,3,57,,,
9/18,57,1,53,,,
9/18,59,4,167,,,yes
9/18,63,5,71,,,yes
9/18,69,5,23,,,
9/18,71,10,63,,,yes
9/18,75,4,99,,,yes
9/18,77,11,89,,,
9/18,79,2,85,,,
9/18,83,8,95,,,
9/18,85,3,79,,,yes
9/18,89,6,77,,,
9/18,91,8,87,,,
9/18,95,2,83,,,
9/18,97,2,101,,,
9/18,99,4,75,,,yes
9/18,101,10,97,,,
9/18,103,9,113,,,
9/18,113,2,87,,,
9/18,115,5,93,,,
9/18,117,7,131,,,
9/18,125,1,127,,,
9/18,129,2,125,,,
9/18,131,3,117,,,yes
9/18,133,14,141,,,
9/18,135,15,143,,,
9/18,139,10,125,,,yes
9/18,143,5,135,,,
9/18,149,5,167,,,
9/18,151,4,163,,,yes
9/18,155,5,161,,,
9/18,161,3,155,,,
9/18,163,1,151,,,yes
9/18,165,3,159,,,
9/18,167,1,149,,,
9/20,53,2,57,,,
9/20,55,6,115,,,
9/20,57,6,53,,,
9/20,59,3,77,,,
9/20,63,3,71,,,yes
9/20,69,7,83,,,yes
9/20,71,15,63,,,
9/20,75,3,91,,,yes
9/20,77,7,89,,,yes
9/20,83,7,69,,,
9/20,85,13,135,,,yes
9/20,87,6,99,,,
9/20,89,6,77,,,
9/20,91,11,75,,,yes
9/20,97,5,101,,,
9/20,99,7,87,,,
9/20,101,7,97,,,
9/20,103,11,113,,,yes
9/20,113,6,103,,,
9/20,115,6,55,,,
9/20,117,8,131,,,
9/20,129,8,139,,,
9/20,131,8,117,,,
9/20,133,7,165,,,
9/20,135,23,85,,,
9/20,139,7,129,,,
9/20,143,2,151,,,
9/20,149,7,167,,,
9/20,151,10,143,,,
9/20,155,10,161,,,
9/20,161,5,155,,,
9/20,165,4,133,,,
9/20,167,6,149,,,
9/24,121,8,133,,,
9/24,129,3,139,,,
9/24,133,4,121,,,
9/24,135,13,143,,,
9/24,139,7,129,,,
9/24,143,1,135,,,
9/24,149,6,167,,,
9/24,151,1,163,,,
9/24,155,5,161,,,
9/24,159,1,165,,,
9/24,161,6,155,,,
9/24,163,5,151,,,
9/24,165,4,159,,,
9/24,167,4,149,,,