date,cid,pid,num.leaf,position,exit
07/09/2021,001,1,1,M,
07/09/2021,002,3,1,T,
07/11/2021,001,1,2,M,
07/11/2021,002,3,1,T,
7/12/21,001,1,4,M,
7/12/21,002,3,2,T,
7/12/21,003,5,1,B,
7/12/21,010,6,1,T,
7/12/21,011,8,not found today,,
7/12/21,005,11,1,M,
7/12/21,006,15,1,B,
7/12/21,007,17,1,,
7/12/21,008,19,3,T,
7/12/21,012,178,2,T,
7/12/21,009,184,1,T,
07/13/2021,001,1,4,M,
07/13/2021,002,3,2,T,
07/13/2021,003,5,1,B,
07/13/2021,010,6,1,T,
07/13/2021,011,8,gone,,07/13/2021
07/13/2021,005,11,1,M,
07/13/2021,006,15,1,B,
07/13/2021,007,17,not found today,,
07/13/2021,008,19,3,T,
07/13/2021,012,178,2,T,
07/13/2021,009,184,1,T,
07/15/2021,001,1,5,T,
07/15/2021,002,3,3,T,
07/15/2021,003,5,3,M,
07/15/2021,010,6,3,M,
07/15/2021,013,9,2,T,
07/15/2021,005,11,3,T,
07/15/2021,014,14,2,T,
07/15/2021,006,15,2,M,
07/15/2021,007,17,gone,,07/15/2021
07/15/2021,008,19,5,M,
07/15/2021,021,22,1,,
07/15/2021,015,23,1,T,
07/15/2021,016,25,1,T,
07/15/2021,022,26,1,T,
07/15/2021,017,27,1,B,
07/15/2021,018,29,2,M,
07/15/2021,012,178,4,T,
07/15/2021,019,180,not found today,,
07/15/2021,009,184,2,T,
07/15/2021,020,196,1,T,
07/17/2021,001,1,10,M,(Not found)
07/17/2021,002,3,6,M,
07/17/2021,003,5,3,M,
07/17/2021,010,6,5,M,
07/17/2021,013,9,4,T,
07/17/2021,005,11,8,B,
07/17/2021,014,14,2,T,
07/17/2021,006,15,3,M,
07/17/2021,008,19,7,M,
07/17/2021,021,22,1,,
07/17/2021,015,23,2,M,
07/17/2021,016,25,Dead,,07/17/2021
07/17/2021,022,26,2,T,
07/17/2021,017,27,2,B,
07/17/2021,018,29,3,M,
07/17/2021,023,31,1,M,
07/17/2021,012,178,5,,NOT FOUND
07/17/2021,019,180,4,T,
07/17/2021,009,184,4,T,
07/17/2021,020,196,3,T,
07/18/2021,001,1,gone,,07/18/2021
07/18/2021,002,3,7,M,
07/18/2021,003,5,3,M,
07/18/2021,010,6,5,M,
07/18/2021,013,9,4,T,
07/18/2021,005,11,9,M,NOT FOUND
07/18/2021,014,14,4,T,
07/18/2021,006,15,4,M,
07/18/2021,008,19,8,M,
07/18/2021,021,22,1,T,
07/18/2021,015,23,2,M,
07/18/2021,022,26,4,T,
07/18/2021,017,27,3,M,
07/18/2021,018,29,4,M,
07/18/2021,023,31,2,T,
07/18/2021,012,178,5,T,
07/18/2021,019,180,5,T,
07/18/2021,009,184,4,T,
07/18/2021,020,196,3,T,
07/20/2021,002,3,WE,,7/20/2021
07/20/2021,003,5,4,M,
07/20/2021,010,6,6,M,
07/20/2021,013,9,7,T,
07/20/2021,005,11,gone,,7/20/2021
07/20/2021,014,14,5,T,
07/20/2021,006,15,5,T,
07/20/2021,021,22,3,T,
07/20/2021,015,23,5,T,
07/20/2021,022,26,6,T,
07/20/2021,017,27,3,M,
07/20/2021,018,29,5,T,
07/20/2021,023,31,3,T,
07/20/2021,012,178,7,T,
07/20/2021,019,180,7,T,
07/20/2021,009,184,5,T,
07/22/2021,,184,6,T,
07/22/2021,,5,3,M,
07/22/2021,,6,9,T,
07/22/2021,,9,11,M,
07/22/2021,,178,8,T,
07/22/2021,,14,6,T,
07/22/2021,,15,6,T,
07/22/2021,,180,6,T,
07/22/2021,,19,4,M,
07/22/2021,,196,7,T,
07/22/2021,,22,4,T,
07/22/2021,,23,6,M,
07/22/2021,,25,1,T,
07/22/2021,,26,9,T,
07/22/2021,,27,1,B,
07/22/2021,,194,2,T,
07/22/2021,,29,6,T,
07/22/2021,,31,3,T,
07/22/2021,,35,3,T,
07/22/2021,,37,1,M,
07/22/2021,,39,1,T,
07/22/2021,,41,2,T,
07/22/2021,,43,1,T,
07/22/2021,,171,2,T,
07/22/2021,,51,not found,,
07/23/2021,009,184,7,T,
07/23/2021,003,5,3,M,
07/23/2021,010,6,9,T,07/23/2021
07/23/2021,013,9,gone,,07/23/2021
07/23/2021,014,14,6,T,
07/23/2021,019,180,7,T,
07/23/2021,020,186,8,T,
07/23/2021,021,22,4,T,
07/23/2021,015,23,not found,,
07/23/2021,016,25,not found,,
07/23/2021,022,26,3,T,
07/23/2021,017,27,3,M,
07/23/2021,033,194,2,T,
07/23/2021,018,29,6,T,
07/23/2021,023,31,4,T,
07/23/2021,026,35,4,M,
07/23/2021,027,37,3,T,
07/23/2021,028,39,3,M,
07/23/2021,029,41,3,T,
07/23/2021,030,43,2,T,
07/23/2021,031,171,2,T,
07/23/2021,032,51,gone,,07/23/2021
07/23/2021,034,53,1,M,
07/23/2021,035,57,1,M,
07/23/2021,036,59,1,T,
07/23/2021,037,61,1,T,
07/23/2021,038,65,1,T,
07/23/2021,039,67,1,T,
07/23/2021,040,69,1,T,
07/24/2021,,184,12,T,
07/24/2021,,5,3,M,
07/24/2021,,14,6,T,
07/24/2021,,180,18,T,
07/24/2021,,17,4,T,
07/24/2021,,196,12,T,
07/24/2021,,22,6,T,
07/24/2021,,25,1,T,
07/24/2021,,26,14,M,
07/24/2021,,27,4,M,
07/24/2021,,194,3,T,
07/24/2021,,29,6,T,
07/24/2021,,31,7,T,
07/24/2021,,35,5,M,
07/24/2021,,37,5,T,
07/24/2021,,39,4,M,
07/24/2021,,41,4,T,
07/24/2021,,43,1,T,
07/24/2021,,171,4,M,
07/24/2021,,51,1,T,
07/24/2021,,53,1,M,
07/24/2021,,57,2,M,
07/24/2021,,59,2,T,
07/24/2021,,61,1,T,
07/24/2021,,65,2,M,
07/24/2021,,67,2,M,
07/24/2021,,69,1,M,
07/24/2021,,73,2,T,
07/24/2021,,75,1,T,
07/24/2021,,77,2,T,
07/24/2021,,81,1,T,
07/24/2021,,83,1,T,
07/24/2021,,89,1,T,
07/24/2021,,91,1,T,
07/24/2021,,95,2,M,
07/25/2021,,184,15,T,
07/25/2021,,5,4,M,
07/25/2021,,14,6,T,
07/25/2021,,180,20,T,
07/25/2021,,17,5,M,
07/25/2021,,196,12,T,
07/25/2021,,22,11,T,
07/25/2021,,23,Not Found ,,
07/25/2021,,25,2,T,
07/25/2021,,26,15,M,
07/25/2021,,27,4,M,
07/25/2021,,194,3,T,
07/25/2021,,29,7,T,
07/25/2021,,30,2,T,
07/25/2021,,31,9,T,
07/25/2021,,34,1,M,
07/25/2021,,35,11,M,
07/25/2021,,36,2,T,
07/25/2021,,37,6,T,
07/25/2021,,39,5,T,
07/25/2021,,40,1,T,
07/25/2021,,41,4,T,
07/25/2021,,43,4,Not Recorded,
07/25/2021,,171,5,M,
07/25/2021,,51,3,T,
07/25/2021,,53,2,T,
07/25/2021,,57,3,M,
07/25/2021,,59,2,T,
07/25/2021,,61,2,T,
07/25/2021,,65,3,M,
07/25/2021,,67,3,T,
07/25/2021,,69,1,M,
07/25/2021,,73,3,M,
07/25/2021,,75,2,T,
07/25/2021,,77,Dead,,07/25/2021
07/25/2021,,81,2,T,
07/25/2021,,83,2,M,
07/25/2021,,89,1,M,
07/25/2021,,91,2,M,
07/25/2021,,95,3,M,
07/25/2021,,97,Not found,,
07/25/2021,,99,Not found,,
07/25/2021,,101,1,T,
07/26/2021,,184,16,T,
07/26/2021,,5,5,M,
07/26/2021,,14,8,T,
07/26/2021,,180,25,M,
07/26/2021,,17,5,M,
07/26/2021,,196,WE,,07/26/2021
07/26/2021,,22,12,T,
07/26/2021,,23,Not Found,,
07/26/2021,,25,2,T,
07/26/2021,,26,20,T,
07/26/2021,,27,WE,,07/26/2021
07/26/2021,,194,5,T,
07/26/2021,,29,10,T,
07/26/2021,,30,1,T,
07/26/2021,,31,10,T,
07/26/2021,,34,1,M,
07/26/2021,,35,11,M,
07/26/2021,,36,1,T,
07/26/2021,,37,8,T,
07/26/2021,,39,8,T,
07/26/2021,,40,12,T,
07/26/2021,,41,4,T,
07/26/2021,,42,Not found,,
07/26/2021,,43,5,T,
07/26/2021,,44,2,T,
07/26/2021,,46,2,M,
07/26/2021,,48,1,T,
07/26/2021,,171,8,M,
07/26/2021,,51,3,T,
07/26/2021,,52,1,M,
07/26/2021,,53,2,T,
07/26/2021,,182,1,T,
07/26/2021,,56,1,T,
07/26/2021,,57,Died,,07/26/2021
07/26/2021,,58,Not Found,,
07/26/2021,,59,3,T,
07/26/2021,,61,3,T,
07/26/2021,,62,2,T,
07/26/2021,,65,5,T,
07/26/2021,,67,6,M,
07/26/2021,,69,3,T,
07/26/2021,,73,3,M,
07/26/2021,,75,1,T,
07/26/2021,,81,2,T,
07/26/2021,,83,2,M,
07/26/2021,,89,2,T,
07/26/2021,,91,3,M,
07/26/2021,,95,2,B,
07/26/2021,,97,1,M,
07/26/2021,,99,1,B,
07/26/2021,,101,1,T,
07/26/2021,,103,Dead,,07/26/2021
07/26/2021,,107,1,T,
07/26/2021,,109,1,M,
07/26/2021,,111,1,T,
07/26/2021,,113,Dead,,07/26/2021
07/26/2021,,117,1,T,
07/26/2021,,121,1,M,
07/26/2021,,123,1,T,
07/26/2021,,125,1,T,
07/26/2021,,129,Dead,,07/26/2021
07/27/2021,,184,20,T,
07/27/2021,,5,5,M,
07/27/2021,,14,9,T,
07/27/2021,,180,24,T,
07/27/2021,,17,7,T,
07/27/2021,,22,13,T,
07/27/2021,,23,not found,,
07/27/2021,,25,3,T,
07/27/2021,,26,WE,,07/27/2021
07/27/2021,,194,6,T,
07/27/2021,,29,11,T,
07/27/2021,,30,2,not recorded,
07/27/2021,,31,WE,,07/27/2021
07/27/2021,,34,1,M,
07/27/2021,,35,13,M,
07/27/2021,,36,2,T,
07/27/2021,,37,13,T,
07/27/2021,,39,8,T,
07/27/2021,,40,3,T,
07/27/2021,,41,7,M,
07/27/2021,,42,not found,,
07/27/2021,,43,7,T,
07/27/2021,,44,4,T,
07/27/2021,,46,3,not recorded,
07/27/2021,,48,1,T,
07/27/2021,,171,10,M,
07/27/2021,,51,4,M,
07/27/2021,,52,3,T,
07/27/2021,,53,3,M,
07/27/2021,,182,3,T,
07/27/2021,,56,1,T,
07/27/2021,,57,not found,,
07/27/2021,,58,not found,,
07/27/2021,,59,4,T,
07/27/2021,,61,3,T,
07/27/2021,,62,2,T,
07/27/2021,,64,1,M,
07/27/2021,,65,5,T,
07/27/2021,,68,1,M,
07/27/2021,,67,6,M,
07/27/2021,,69,4,M,
07/27/2021,,302,dead,,
07/27/2021,,72,1,T,
07/27/2021,,73,5,T,
07/27/2021,,75,3,T,
07/27/2021,,76,1,T,
07/27/2021,,78,2,T,
07/27/2021,,80,1,T,
07/27/2021,,81,4,T,
07/27/2021,,83,2,M,
07/27/2021,,190,dead,,
07/27/2021,,94,dead,,
07/27/2021,,95,5,T,
07/27/2021,,97,2,M,
07/27/2021,,99,2,B,
07/27/2021,,100,dead,,
07/27/2021,,101,2,M,
07/27/2021,,102,1,T,
07/27/2021,,107,2,T,
07/27/2021,,108,dead,,
07/27/2021,,109,1,M,
07/27/2021,,111,2,T,
07/27/2021,,117,2,T,
07/27/2021,,121,2,M,
07/27/2021,,123,2,T,
07/27/2021,,125,2,T,
07/27/2021,,131,not found,,
07/27/2021,,133,1,T,
07/27/2021,,137,dead,,
07/27/2021,,139,not found,,
07/27/2021,,141,1,T,
07/27/2021,,145,1,M,
07/27/2021,,147,1,M,
07/27/2021,,149,1,M,
07/27/2021,,155,1,T,
07/27/2021,,157,1,M,
07/27/2021,,159,1,M,
07/27/2021,,161,1,M,
07/27/2021,,165,1,T,
07/27/2021,,167,dead,,
07/28/2021,,184,22,T,
07/28/2021,,5,5,M,
07/28/2021,,14,9,T,
07/28/2021,,180,32,T,
07/28/2021,,17,7,T,
07/28/2021,,22,15,T,
07/28/2021,,23,not found,,
07/28/2021,,25,3,T,
07/28/2021,,194,8,T,
07/28/2021,,29,12,T,
07/28/2021,,34,dead,,
07/28/2021,,35,not found,,
07/28/2021,,36,4,T,
07/28/2021,,37,15,M,
07/28/2021,,39,10,M,
07/28/2021,,40,5,T,
07/28/2021,,41,8,M,
07/28/2021,,42,gone,,
07/28/2021,,43,7,T,
07/28/2021,,44,5,T,
07/28/2021,,46,3,T,
07/28/2021,,48,2,T,
07/28/2021,,171,not found,,
07/28/2021,,51,5,T,
07/28/2021,,52,4,T,
07/28/2021,,53,4,T,
07/28/2021,,182,4,T,
07/28/2021,,56,2,T,
07/28/2021,,58,gone,,
07/28/2021,,59,5,M,
07/28/2021,,61,4,T,
07/28/2021,,62,3,T,
07/28/2021,,64,2,T,
07/28/2021,,65,5,T,
07/28/2021,,68,2,M,
07/28/2021,,67,7,T,
07/28/2021,,69,4,M,
07/28/2021,,72,1,T,
07/28/2021,,73,7,T,
07/28/2021,,75,4,T,
07/28/2021,,76,3,T,
07/28/2021,,77,1,T,
07/28/2021,,78,3,T,
07/28/2021,,80,2,T,
07/28/2021,,81,5,T,
07/28/2021,,83,1,M,
07/28/2021,,86,1,T,
07/28/2021,,88,2,T,
07/28/2021,,89,3,T,
07/28/2021,,91,4,M,
07/28/2021,,95,7,T,
07/28/2021,,97,2,M,
07/28/2021,,99,3,M,
07/28/2021,,101,2,M,
07/28/2021,,102,2,T,
07/28/2021,,107,4,B,
07/28/2021,,109,1,M,
07/28/2021,,111,3,M,
07/28/2021,,114,1,T,
07/28/2021,,116,1,T,
07/28/2021,,117,3,T,
07/28/2021,,118,1,T,
07/28/2021,,120,1,T,
07/28/2021,,121,3,M,
07/28/2021,,123,2,M,
07/28/2021,,124,1,T,
07/28/2021,,125,4,T,
07/28/2021,,126,1,T,
07/28/2021,,128,1,M,
07/28/2021,,130,gone,,
07/28/2021,,131,gone,,
07/28/2021,,133,2,M,
07/28/2021,,136,2,T,
07/28/2021,,139,gone,,
07/28/2021,,140,1,T,
07/28/2021,,141,3,T,
07/28/2021,,142,1,T,
07/28/2021,,144,1,T,
07/28/2021,,145,2,T,
07/28/2021,,147,2,T,
07/28/2021,,148,1,T,
07/28/2021,,149,2,M,
07/28/2021,,152,1,T,
07/28/2021,,154,1,T,
07/28/2021,,155,2,M,
07/28/2021,,158,dead,,
07/28/2021,,157,1,M,
07/28/2021,,160,1,T,
07/28/2021,,159,2,T,
07/28/2021,,161,2,M,
07/28/2021,,162,gone,,
07/28/2021,,165,3,T,
07/29/2021,,184,26,M,
07/29/2021,,5,6,T,
07/29/2021,,8,1,T,
07/29/2021,,14,9,T,
07/29/2021,,17,7,T,
07/29/2021,,22,17,T,
07/29/2021,,23,GONE,,
07/29/2021,,25,4,T,
07/29/2021,,194,9,M,
07/29/2021,,29,13,M,
07/29/2021,,30,2,T,
07/29/2021,,35,GONE,,
07/29/2021,,36,5,T,
07/29/2021,,37,15,M,
07/29/2021,,39,GONE,,
07/29/2021,,40,6,T,
07/29/2021,,41,7,M,
07/29/2021,,43,7,T,
07/29/2021,,44,6,T,
07/29/2021,,46,4,T,
07/29/2021,,48,3,T,
07/29/2021,,171,GONE,,
07/29/2021,,51,7,M,
07/29/2021,,52,6,T,
07/29/2021,,53,5,T,
07/29/2021,,182,7,T,
07/29/2021,,56,4,M,
07/29/2021,,57,1,T,
07/29/2021,,59,6,T,
07/29/2021,,61,5,M,
07/29/2021,,62,4,T,
07/29/2021,,64,3,T,
07/29/2021,,65,6,T,
07/29/2021,,68,2,M,
07/29/2021,,67,5,M,
07/29/2021,,69,4,M,
07/29/2021,,302,1,T,
07/29/2021,,72,1,T,
07/29/2021,,73,GONE,,
07/29/2021,,75,5,T,
07/29/2021,,76,4,T,
07/29/2021,,77,GONE,,
07/29/2021,,78,4,T,
07/29/2021,,80,3,T,
07/29/2021,,81,6,B,
07/29/2021,,83,3,T,
07/29/2021,,86,1,T,
07/29/2021,,87,1,T,
07/29/2021,,88,4,T,
07/29/2021,,89,4,T,
07/29/2021,,91,4,M,
07/29/2021,,94,1,T,
07/29/2021,,95,9,T,
07/29/2021,,97,2,M,
07/29/2021,,98,1,T,
07/29/2021,,99,3,M,
07/29/2021,,101,3,M,
07/29/2021,,102,3,T,
07/29/2021,,103,1,T,
07/29/2021,,106,1,T,
07/29/2021,,107,5,M,
07/29/2021,,109,1,T,
07/29/2021,,111,3,M,
07/29/2021,,112,1,T,
07/29/2021,,113,GONE,,
07/29/2021,,114,2,T,
07/29/2021,,116,2,T,
07/29/2021,,117,4,T,
07/29/2021,,118,1,T,
07/29/2021,,120,1,T,
07/29/2021,,121,3,M,
07/29/2021,,123,1,T,
07/29/2021,,124,3,T,
07/29/2021,,125,4,T,
07/29/2021,,126,2,T,
07/29/2021,,128,1,M,
07/29/2021,,129,GONE,,
07/29/2021,,133,2,M,
07/29/2021,,134,1,T,
07/29/2021,,136,2,M,
07/29/2021,,137,1,T,
07/29/2021,,140,1,T,
07/29/2021,,141,4,M,
07/29/2021,,142,2,T,
07/29/2021,,144,2,T,
07/29/2021,,145,3,M,
07/29/2021,,147,3,T,
07/29/2021,,148,1,T,
07/29/2021,,149,2,M,
07/29/2021,,152,3,T,
07/29/2021,,154,2,T,
07/29/2021,,155,3,B,
07/29/2021,,157,2,M,
07/29/2021,,160,3,T,
07/29/2021,,159,4,B,
07/29/2021,,161,2,M,
07/29/2021,,162,GONE,,
07/29/2021,,164,1,M,
07/29/2021,,165,5,B,
07/29/2021,,167,DEAD,,
07/29/2021,,168,1,T,
07/30/2021,,34,1,T,
07/30/2021,,42,1,T,
07/30/2021,,58,1,T,
07/30/2021,,190,1,B,
07/30/2021,,92,1,T,
07/30/2021,,100,1,T,
07/30/2021,,108,1,T,
07/30/2021,,113,1,T,
07/30/2021,,129,1,T,
07/30/2021,,139,1,T,
07/30/2021,,103,DEAD,,
07/30/2021,,131,GONE,,
07/30/2021,,150,2,T,
07/30/2021,,158,1,T,
07/31/2021,,184,GONE,,
07/31/2021,,5,6,T,
07/31/2021,,8,3,M,
07/31/2021,,14,GONE,,
07/31/2021,,17,8,T,
07/31/2021,,22,21,M,
07/31/2021,,23,GONE,,
07/31/2021,,25,5,T,
07/31/2021,,194,13,M,
07/31/2021,,29,14,M,
07/31/2021,,30,4,T,
07/31/2021,,34,2,T,
07/31/2021,,36,6,T,
07/31/2021,,37,3,M,
07/31/2021,,40,3,M,
07/31/2021,,41,7,M,
07/31/2021,,42,2,T,
07/31/2021,,43,8,T,
07/31/2021,,44,8,T,
07/31/2021,,46,5,T,
07/31/2021,,48,4,T,
07/31/2021,,51,8,T,
07/31/2021,,52,7,T,
07/31/2021,,53,8,T,
07/31/2021,,182,7,T,
07/31/2021,,56,6,T,
07/31/2021,,57,1,T,
07/31/2021,,58,3,T,
07/31/2021,,59,6,T,
07/31/2021,,61,GONE,,
07/31/2021,,62,7,T,
07/31/2021,,64,4,T,
07/31/2021,,65,7,M,
07/31/2021,,68,3,T,
07/31/2021,,67,6,M,
07/31/2021,,69,GONE,,
07/31/2021,,302,not recorded,not recorded,
07/31/2021,,72,2,M,
07/31/2021,,73,GONE,,
07/31/2021,,75,6,M,
07/31/2021,,76,5,T,
07/31/2021,,77,GONE,,
07/31/2021,,78,6,M,
07/31/2021,,80,5,T,
07/31/2021,,81,GONE,,
07/31/2021,,83,GONE,,
07/31/2021,,190,2,T,
07/31/2021,,86,2,T,
07/31/2021,,87,2,T,
07/31/2021,,88,4,T,
07/31/2021,,89,4,T,
07/31/2021,,91,6,B,
07/31/2021,,92,1,T,
07/31/2021,,94,2,T,
07/31/2021,,95,GONE,,
07/31/2021,,97,4,M,
07/31/2021,,98,2,T,
07/31/2021,,99,1,T,
07/31/2021,,100,1,T,
07/31/2021,,101,4,M,
07/31/2021,,102,4,T,
07/31/2021,,106,2,T,
07/31/2021,,107,9,T,
07/31/2021,,108,1,T,
07/31/2021,,109,2,T,
07/31/2021,,111,4,M,
07/31/2021,,112,2,T,
07/31/2021,,113,2,T,
07/31/2021,,114,3,T,
07/31/2021,,116,4,M,
07/31/2021,,117,5,M,
07/31/2021,,118,1,T,
07/31/2021,,120,2,T,
07/31/2021,,121,9,T,
07/31/2021,,123,4,T,
07/31/2021,,124,8,T,
07/31/2021,,125,1,T,
07/31/2021,,126,5,T,
07/31/2021,,128,3,T,
07/31/2021,,129,2,M,
07/31/2021,,130,3,T,
07/31/2021,,133,3,T,
07/31/2021,,134,1,T,
07/31/2021,,136,5,T,
07/31/2021,,137,4,T,
07/31/2021,,139,3,T,
07/31/2021,,140,3,T,
07/31/2021,,141,6,T,
07/31/2021,,142,2,T,
07/31/2021,,144,5,T,
07/31/2021,,145,5,T,
07/31/2021,,147,4,T,
07/31/2021,,148,3,T,
07/31/2021,,149,3,T,
07/31/2021,,150,3,T,
07/31/2021,,152,5,T,
07/31/2021,,154,3,T,
07/31/2021,,155,4,B,
07/31/2021,,158,3,T,
07/31/2021,,157,GONE,,
07/31/2021,,160,4,T,
07/31/2021,,159,5,M,
07/31/2021,,161,2,M,
07/31/2021,,162,DEAD,,
07/31/2021,,164,2,M,
07/31/2021,,165,6,M,
07/31/2021,,167,GONE,,
07/31/2021,,168,3,T,
08/04/2021,,184,GONE,,
08/04/2021,,5,7,M,
08/04/2021,,8,8,T,
08/04/2021,,14,NOT FOUND,,
08/04/2021,,17,9,T,
08/04/2021,,22,26,T,
08/04/2021,,23,GONE,,
08/04/2021,,25,WE,,08/04/2021
08/04/2021,,194,22,T,
08/04/2021,,29,20,M,
08/04/2021,,30,6,T,
08/04/2021,,34,3,T,
08/04/2021,,36,7,T,
08/04/2021,,37,15,M,
08/04/2021,,40,DEAD,,
08/04/2021,,42,DEAD,,
08/04/2021,,43,10,T,
08/04/2021,,44,14,M,
08/04/2021,,46,11,M,
08/04/2021,,48,7,T,
08/04/2021,,51,16,M,
08/04/2021,,52,36,M,
08/04/2021,,182,14,M,
08/04/2021,,56,9,T,
08/04/2021,,57,NOT FOUND,,
08/04/2021,,58,11,T,
08/04/2021,,59,WE,,08/04/2021
08/04/2021,,61,GONE,,
08/04/2021,,62,12,M,
08/04/2021,,64,7,M,
08/04/2021,,65,8,T,
08/04/2021,,68,11,M,
08/04/2021,,69,GONE,,
08/04/2021,,302,7,T,
08/04/2021,,72,10,T,
08/04/2021,,73,GONE,,
08/04/2021,,75,WE,,08/04/2021
08/04/2021,,76,7,T,
08/04/2021,,77,GONE,,
08/04/2021,,78,8,M,
08/04/2021,,80,21,T,
08/04/2021,,81,GONE,,
08/04/2021,,83,7,M,
08/04/2021,,190,6,T,
08/04/2021,,86,5,T,
08/04/2021,,87,3,T,
08/04/2021,,88,14,M,
08/04/2021,,89,4,T,
08/04/2021,,91,WE,,08/04/2021
08/04/2021,,92,6,T,
08/04/2021,,94,5,T,
08/04/2021,,95,10,B,
08/04/2021,,97,9,M,
08/04/2021,,98,5,M,
08/04/2021,,99,GONE,,
08/04/2021,,100,3,T,
08/04/2021,,101,9,T,
08/04/2021,,102,13,T,
08/04/2021,,103,2,M,
08/04/2021,,106,5,M,
08/04/2021,,107,11,M,
08/04/2021,,108,4,T,
08/04/2021,,109,8,M,
08/04/2021,,111,7,B,
08/04/2021,,112,5,T,
08/04/2021,,113,4,M,
08/04/2021,,114,7,T,
08/04/2021,,116,13,T,
08/04/2021,,117,13,M,
08/04/2021,,118,3,T,
08/04/2021,,120,3,T,
08/04/2021,,121,14,T,
08/04/2021,,123,6,T,
08/04/2021,,124,12,T,
08/04/2021,,125,7,T,
08/04/2021,,126,8,T,
08/04/2021,,128,6,T,
08/04/2021,,129,3,M,
08/04/2021,,130,8,T,
08/04/2021,,131,GONE,,
08/04/2021,,133,11,T,
08/04/2021,,134,6,T,
08/04/2021,,136,10,T,
08/04/2021,,137,GONE,,
08/04/2021,,139,5,T,
08/04/2021,,140,7,T,
08/04/2021,,141,11,M,
08/04/2021,,142,GONE,,
08/04/2021,,144,20,T,
08/04/2021,,145,8,,
08/04/2021,,147,6,M,
08/04/2021,,148,6,T,
08/04/2021,,149,4,T,
08/04/2021,,150,7,T,
08/04/2021,,152,10,T,
08/04/2021,,154,16,T,
08/04/2021,,155,5,M,
08/04/2021,,158,4,T,
08/04/2021,,157,GONE,,
08/04/2021,,160,9,T,
08/04/2021,,159,13,T,
08/04/2021,,161,4,M,
08/04/2021,,162,2,T,
08/04/2021,,164,3,T,
08/04/2021,,165,17,T,
08/04/2021,,167,5,M,
08/04/2021,,168,4,T,
08/05/2021,,184,GONE,,07/30/2021
08/05/2021,,5,7,M,
08/05/2021,,8,8,T,
08/05/2021,,14,GONE,,07/30/2021
08/05/2021,,17,10,T,
08/05/2021,,22,28,M,
08/05/2021,,194,25,T,
08/05/2021,,29,NOT FOUND,,
08/05/2021,,30,9,T,
08/05/2021,,34,4,M,
08/05/2021,,36,8,T,
08/05/2021,,37,2,M,
08/05/2021,,43,11,T,
08/05/2021,,44,21,T,
08/05/2021,,46,WE,,08/05/2021
08/05/2021,,48,9,T,
08/05/2021,,51,19,T,
08/05/2021,,52,GONE,,
08/05/2021,,182,16,T,
08/05/2021,,56,13,M,
08/05/2021,,57,NOT FOUND,,
08/05/2021,,58,15,M,
08/05/2021,,62,14,T,
08/05/2021,,64,5,T,
08/05/2021,,65,1,M,
08/05/2021,,68,WE,,08/05/2021
08/05/2021,,302,9,T,
08/05/2021,,72,11,T,
08/05/2021,,76,7,T,
08/05/2021,,77,GONE,,07/30/2021
08/05/2021,,78,NOT FOUND,,
08/05/2021,,80,22,M,
08/05/2021,,81,GONE,,07/30/2021
08/05/2021,,83,GONE,,07/30/2021
08/05/2021,,190,8,T,
08/05/2021,,86,6,M,
08/05/2021,,87,4,T,
08/05/2021,,88,15,M,
08/05/2021,,89,WE,,08/05/2021
08/05/2021,,92,6,T,
08/05/2021,,94,3,T,
08/05/2021,,95,GONE,,07/30/2021
08/05/2021,,97,10,M,
08/05/2021,,98,6,T,
08/05/2021,,99,GONE,,08/05/2021
08/05/2021,,100,5,M,
08/05/2021,,101,10,T,
08/05/2021,,102,15,M,
08/05/2021,,103,2,M,
08/05/2021,,106,NOT FOUND,,
08/05/2021,,107,12,B,
08/05/2021,,108,4,T,
08/05/2021,,109,4,M,
08/05/2021,,111,NOT FOUND,,
08/05/2021,,112,6,T,
08/05/2021,,113,NOT FOUND,,
08/05/2021,,114,8,T,
08/05/2021,,116,15,T,
08/05/2021,,117,GONE,,08/05/2021
08/05/2021,,118,2,T,
08/05/2021,,120,4,T,
08/05/2021,,121,NOT FOUND,,
08/05/2021,,123,6,T,
08/05/2021,,124,NOT FOUND,,
08/05/2021,,125,WE,,08/05/2021
08/05/2021,,126,9,T,
08/05/2021,,128,7,M,
08/05/2021,,129,1,M,
08/05/2021,,130,10,T,
08/05/2021,,131,GONE,,08/05/2021
08/05/2021,,133,GONE,,08/05/2021
08/05/2021,,134,7,M,
08/05/2021,,136,13,T,
08/05/2021,,137,GONE,,08/05/2021
08/05/2021,,139,3,T,
08/05/2021,,140,8,T,
08/05/2021,,141,GONE,,08/05/2021
08/05/2021,,142,NOT FOUND,,
08/05/2021,,144,22,T,
08/05/2021,,145,9,M,
08/05/2021,,147,WE,,08/05/2021
08/05/2021,,148,6,T,
08/05/2021,,149,6,M,
08/05/2021,,150,GONE,,08/05/2021
08/05/2021,,152,15,T,
08/05/2021,,154,20,T,
08/05/2021,,155,1,M,
08/05/2021,,158,5,T,
08/05/2021,,157,GONE,,07/30/2021
08/05/2021,,160,11,T,
08/05/2021,,159,GONE,,08/05/2021
08/05/2021,,161,GONE,,08/05/2021
08/05/2021,,162,3,M,
08/05/2021,,164,4,T,
08/05/2021,,165,20,M,
08/05/2021,,167,6,M,
08/05/2021,,168,7,T,
08/06/2021,,5,GONE,,
08/06/2021,,8,9,T,
08/06/2021,,17,10,T,
08/06/2021,,22,28,M,
08/06/2021,,194,29,T,
08/06/2021,,29,GONE,,
08/06/2021,,30,10,T,
08/06/2021,,34,GONE,,
08/06/2021,,36,8,T,
08/06/2021,,37,3,M,
08/06/2021,,43,1,M,
08/06/2021,,44,29,M,
08/06/2021,,48,10,T,
08/06/2021,,51,GONE,,
08/06/2021,,52,GONE,,
08/06/2021,,182,17,T,
08/06/2021,,56,GONE,,
08/06/2021,,57,GONE,,
08/06/2021,,58,17,T,
08/06/2021,,62,16,M,
08/06/2021,,64,8,M,
08/06/2021,,65,1,M,
08/06/2021,,302,13,T,
08/06/2021,,72,14,T,
08/06/2021,,76,7,T,
08/06/2021,,78,GONE,,
08/06/2021,,80,GONE,,
08/06/2021,,190,7,M,
08/06/2021,,86,7,T,
08/06/2021,,87,5,T,
08/06/2021,,88,16,T,GONE
08/06/2021,,92,4,T,
08/06/2021,,94,6,T,
08/06/2021,,97,8,M,
08/06/2021,,98,7,T,
08/06/2021,,100,6,T,
08/06/2021,,101,4,M,
08/06/2021,,102,GONE,,
08/06/2021,,103,3,M,
08/06/2021,,106,GONE,,
08/06/2021,,107,GONE,,
08/06/2021,,108,GONE,,
08/06/2021,,109,4,M,
08/06/2021,,111,NOT FOUND,,
08/06/2021,,112,3,T,
08/06/2021,,113,NOT FOUND,,
08/06/2021,,114,9,M,
08/06/2021,,116,16,M,
08/06/2021,,117,GONE,,
08/06/2021,,118,4,T,
08/06/2021,,120,2,T,
08/06/2021,,121,GONE,,
08/06/2021,,123,DEAD,,
08/06/2021,,124,GONE,,
08/06/2021,,126,9,T,
08/06/2021,,128,GONE,,
08/06/2021,,129,4,M,
08/06/2021,,130,4,M,
08/06/2021,,131,GONE,,
08/06/2021,,133,GONE,,
08/06/2021,,134,9,T,
08/06/2021,,136,15,T,
08/06/2021,,137,GONE,,
08/06/2021,,139,4,T,
08/06/2021,,140,9,T,
08/06/2021,,141,GONE,,
08/06/2021,,142,GONE,,
08/06/2021,,144,GONE,,
08/06/2021,,145,GONE,,
08/06/2021,,148,10,T,
08/06/2021,,149,7,T,
08/06/2021,,150,GONE,,
08/06/2021,,152,GONE,,
08/06/2021,,154,NOT FOUND,,
08/06/2021,,155,1,M,
08/06/2021,,158,6,T,
08/06/2021,,160,13,T,
08/06/2021,,159,GONE,,
08/06/2021,,161,WE,,08/06/2021
08/06/2021,,162,3,M,
08/06/2021,,164,4,T,
08/06/2021,,165,GONE,,
08/06/2021,,167,7,M,
08/06/2021,,168,8,T,
08/08/2021,,5,GONE,,
08/08/2021,,8,14,T,
08/08/2021,,17,10,T,
08/08/2021,,22,GONE,,
08/08/2021,,194,36,M,
08/08/2021,,30,17,T,
08/08/2021,,34,GONE,,
08/08/2021,,36,8,T,
08/08/2021,,37,15,M,
08/08/2021,,43,13,T,NOT FOUND
08/08/2021,,44,35,M,GONE
08/08/2021,,48,11,T,
08/08/2021,,51,GONE,,
08/08/2021,,52,GONE,,
08/08/2021,,182,WE,,08/08/2021
08/08/2021,,56,GONE,,
08/08/2021,,57,GONE,,
08/08/2021,,58,23,T,
08/08/2021,,62,20,M,
08/08/2021,,64,9,T,
08/08/2021,,65,1,M,
08/08/2021,,302,16,T,
08/08/2021,,72,17,T,
08/08/2021,,76,5,T,
08/08/2021,,78,GONE,,
08/08/2021,,80,GONE,,
08/08/2021,,190,11,T,
08/08/2021,,86,8,T,
08/08/2021,,87,6,T,08/08/2021
08/08/2021,,88,GONE,,
08/08/2021,,92,5,T,
08/08/2021,,94,10,T,
08/08/2021,,97,12,T,
08/08/2021,,98,11,T,
08/08/2021,,100,7,T,
08/08/2021,,101,11,T,
08/08/2021,,102,GONE,,
08/08/2021,,103,5,T,
08/08/2021,,106,GONE,,
08/08/2021,,107,GONE,,
08/08/2021,,108,GONE,,
08/08/2021,,109,4,M,
08/08/2021,,111,GONE,,
08/08/2021,,112,9,T,
08/08/2021,,113,6,T,NOT FOUND
08/08/2021,,114,11,T,
08/08/2021,,116,24,T,
08/08/2021,,117,GONE,,
08/08/2021,,118,5,T,
08/08/2021,,120,3,T,
08/08/2021,,121,GONE,,
08/08/2021,,124,25,T,
08/08/2021,,126,11,T,08/08/2021
08/08/2021,,128,13,T,
08/08/2021,,129,4,M,
08/08/2021,,130,14,M,
08/08/2021,,131,GONE,,
08/08/2021,,133,GONE,,
08/08/2021,,134,13,T,
08/08/2021,,136,18,T,GONE
08/08/2021,,137,GONE,,
08/08/2021,,139,5,T,
08/08/2021,,140,9,T,
08/08/2021,,141,GONE,,
08/08/2021,,142,GONE,,
08/08/2021,,144,GONE,,
08/08/2021,,145,gone,,
08/08/2021,,148,12,T,
08/08/2021,,149,8,M,
08/08/2021,,150,GONE,,
08/08/2021,,152,GONE,,
08/08/2021,,154,GONE,,
08/08/2021,,155,1,M,08/08/2021
08/08/2021,,158,10,T,
08/08/2021,,160,18,T,
08/08/2021,,159,GONE,,
08/08/2021,,162,6,M,
08/08/2021,,164,6,T,
08/08/2021,,165,GONE,,
08/08/2021,,167,6,M,
08/08/2021,,168,7,T,
08/09/2021,,5,GONE,,
08/09/2021,,8,18,T,
08/09/2021,,17,10,T,
08/09/2021,,22,GONE,,
08/09/2021,,194,41,M,
08/09/2021,,30,19,M,
08/09/2021,,36,6,M,
08/09/2021,,37,GONE,,
08/09/2021,,43,GONE,,
08/09/2021,,44,GONE,,
08/09/2021,,48,11,T,
08/09/2021,,58,25,M,
08/09/2021,,62,25,T,
08/09/2021,,64,10,T,
08/09/2021,,65,1,M,
08/09/2021,,302,21,T,
08/09/2021,,72,19,T,
08/09/2021,,76,8,T,
08/09/2021,,190,14,T,
08/09/2021,,86,8,T,
08/09/2021,,92,4,T,
08/09/2021,,94,12,T,
08/09/2021,,97,12,T,
08/09/2021,,98,WE,,08/09/2021
08/09/2021,,100,8,T,
08/09/2021,,101,7,M,
08/09/2021,,103,7,T,
08/09/2021,,109,WE,,08/09/2021
08/09/2021,,112,4,T,
08/09/2021,,114,10,T,
08/09/2021,,116,28,M,
08/09/2021,,118,5,T,
08/09/2021,,120,5,T,
08/09/2021,,124,28,T,
08/09/2021,,128,GONE,,
08/09/2021,,129,WE,,08/09/2021
08/09/2021,,130,17,T,
08/09/2021,,131,GONE,,
08/09/2021,,134,WE,,08/09/2021
08/09/2021,,136,GONE,,
08/09/2021,,140,WE,,08/09/2021
08/09/2021,,144,GONE,,
08/09/2021,,148,13,T,
08/09/2021,,149,GONE,,
08/09/2021,,158,10,T,
08/09/2021,,160,21,M,
08/09/2021,,162,7,T,
08/09/2021,,164,7,T,
08/09/2021,,167,6,M,
08/09/2021,,168,WE,,08/09/2021
08/11/2021,,8,23,T,
08/11/2021,,30,27,M,
08/11/2021,,36,GONE,,
08/11/2021,,37,GONE,,
08/11/2021,,48,GONE,,
08/11/2021,,58,30,M,GONE
08/11/2021,,62,32,M,GONE
08/11/2021,,64,11,M,GONE
08/11/2021,,302,25,M,
08/11/2021,,72,24,M,GONE
08/11/2021,,76,8,T,2 BUGS
08/11/2021,,190,GONE,,
08/11/2021,,86,7,T,
,,92,WE,,08/11/2021
08/11/2021,,94,GONE,,
08/11/2021,,97,GONE,,
08/11/2021,,100,9,T,
08/11/2021,,101,12,T,
08/11/2021,,103,7,T,08/11/2021
08/11/2021,,112,WE,,08/11/2021
08/11/2021,,114,13,T,
08/11/2021,,116,29,T,GONE
08/11/2021,,118,6,T,08/11/2021
08/11/2021,,120,8,T,
08/11/2021,,124,36,T,
08/11/2021,,128,GONE,,
08/11/2021,,130,20,T,GONE
08/11/2021,,139,,,EXTRA BUG ONLY
08/11/2021,,148,14,M,
08/11/2021,,149,GONE,,
08/11/2021,,158,9,T,08/11/2021
08/11/2021,,160,GONE,,
08/11/2021,,162,8,T,
08/11/2021,,164,14,T,
08/11/2021,,167,8,M,GONE
08/12/2021,,8,25,M,
08/12/2021,,30,GONE,,
08/12/2021,,48,GONE,,
08/12/2021,,58,GONE,,
08/12/2021,,62,GONE,,
08/12/2021,,64,GONE,,
08/12/2021,,302,27,T,
08/12/2021,,72,GONE,,
08/12/2021,,76,5,T,2 BUGS
08/12/2021,,190,GONE,,
08/12/2021,,86,9,T,
08/12/2021,,94,GONE,,
08/12/2021,,97,GONE,,
08/12/2021,,100,10,T,
08/12/2021,,101,12,T,
08/12/2021,,114,14,T,
08/12/2021,,116,GONE,,
08/12/2021,,120,10,T,
08/12/2021,,124,40,M,GONE
08/12/2021,,130,GONE,,
08/12/2021,,139,EXTRA BUG ONLY,,
08/12/2021,,148,15,T,
08/12/2021,,160,GONE,,
08/12/2021,,162,10,T,
08/12/2021,,164,GONE,,
08/12/2021,,167,GONE,,
08/14/2021,,8,30,T,GONE
08/14/2021,,58,GONE,,
08/14/2021,,302,28,M,
08/14/2021,,76,33,T,SECOND BUG STATS
08/14/2021,,86,10,T,
08/14/2021,,100,16,T,
08/14/2021,,101,GONE,,
08/14/2021,,114,17,T,
08/14/2021,,120,15,T,
08/14/2021,,124,GONE,,
08/14/2021,,148,19,T,
08/14/2021,,162,11,M,
08/14/2021,,164,GONE,,
08/15/2021,,8,GONE,,
08/15/2021,,36,GONE,,
08/15/2021,,302,29,B,
08/15/2021,,76,35,T,SECOND BUG STATS
08/15/2021,,86,11,T,
08/15/2021,,100,17,T,
08/15/2021,,114,20,T,
08/15/2021,,120,20,T,
08/15/2021,,139,7,M,EXTRA BUG ONLY
08/15/2021,,148,20,T,
08/15/2021,,162,WE,,08/15/2021
08/17/2021,,76,38,T,TWO BUGS
08/17/2021,,86,11,T,
08/17/2021,,100,23,B,
08/17/2021,,114,22,T,
08/17/2021,,120,25,T,
08/17/2021,,139,9,M,SECOND BUG
08/17/2021,,148,GONE,,
08/18/2021,,302,WOWE,,08/18/2021
08/18/2021,,76,42,T,SECOND BUG
08/18/2021,,86,11,T,08/18/2021
08/18/2021,,100,24,M,
08/18/2021,,114,25,T,GONE
08/18/2021,,120,27,M,GONE
08/18/2021,,139,10,M,
08/20/2021,,76,DEAD,,08/20/2021
08/20/2021,,100,25,T,
08/20/2021,,114,25,T,
08/20/2021,,120,28,T,
08/20/2021,,139,11,M,SECOND BUG
08/21/2021,,100,28,T,
08/21/2021,,114,27,M,08/21/2021
08/21/2021,,120,30,M,
08/21/2021,,139,12,T,SECOND BUG
08/22/2021,,100,29,T,08/22/2021
08/22/2021,,120,30,M,08/22/2021
08/22/2021,,139,13,M,SECOND BUG
08/25/2021,,139,GONE,,